Name,Link,Products/Services,Address,Contact No.
MARUTI PRINTS,https://www.msmemart.com/member/196824/maruti-prints," PRINTING, REPRODUCTION OF RECORDED  MEDIA,INSTALLATION SERVICE,EVENTS...","  42,43,47, C Wing, Gurugobind Singh Ind, Jai Coach, Goregaon East,                                 Goregaon E, India"," 97XXXX9000,  "
SURYA GRAPHICS,https://www.msmemart.com/member/204795/surya-graphics," 3D LED Boards
Glow Sign Boards
Outdoor Advertising
Direction Boards
In Shop Branding
Graphics P...","  No.17, 1st Floor, New Agraharam Street, Dhinakaran Down, Kosapet,                                 VELLORE, India"," 94XXXX6529,04XXXX16824  "
DJ MEDIA PRINT & LOGISTICS LTD,https://www.msmemart.com/member/213468/dj-media-print-logistics-ltd," ALL KIND  OF PRINTING, BULK MAILING, NEWSPAPER PRINT ADVERTISMENT, LOGISTIC, MANPOWER SUPPLY, SCANNI...","  MARINE LINES,                                 MUMBAI, India"," 93XXXX5444,  "
M\/S BIG SCREEN,https://www.msmemart.com/member/279452/ms-big-screen,"  ADVERTISEMENT HOARDING AND LED DISPLAY, GLOW SIGN BOARD & OUTDOOR HOARDINGS, FLEX PRINTING ETC....",," 99XXXX3201,99XXXX3201  "
Peakmaax.in,https://www.msmemart.com/member/186730/peakmaaxin, Led  3d signage letters led profile led emergency lighting 3d Wall Painting 3d hologram fan display ...,"                                   Thane, India"," 97XXXX6676,93XXXX1574  "
Z ADVERTISING & DESIGN,https://www.msmemart.com/member/186508/z-advertising-design," Mobile charging station,LED Display screen, Information kiosk ,Glow sign Board Charger,Name Board ,N...","                                   East Delhi, India"," 98XXXX8086,01XXXX236160  "
RAINBOW PRINTADS PRIVATE LIMITED,https://www.msmemart.com/member/181264/rainbow-printads-private-limited, WE ARE MANUFACTURE OF LD FOAM BANNER \/ BUNTING AND METAL POSTER \/ METAL DEALER BOARD...,"                                   GHAZIABAD, India"," 78XXXX3621,99XXXX1701  "
PR PRODUCTIONS,https://www.msmemart.com/member/191974/pr-productions," DOCUMENTARY FILMS, TV COMMERCIAL, BROCHURE DESIGNS, CORPORATE FILMS, PRODUCT LAUNCH FILMS, SALES PRO...","                                   Ahmedabad, India"," 94XXXX6968,94XXXX6968  "
HERMES ADVERTISING,https://www.msmemart.com/member/190827/hermes-advertising," Advertising material, CORPORATE WALL PAINTING, ACP BOARD, GSB BOARD, FRONT LIT AND BACK LIT BOARD, D...","                                   KOLKATA, India"," 90XXXX9772,  "
Sharad Advertising Pvt.Ltd,https://www.msmemart.com/member/156168/sharad-advertising-pvtltd," ADVERTISING , PRINTING ,exhibition , digital ...","                                   Delhi,Delhi, India"," 99XXXX5345,01XXXX872608  "
ENDEAVA MANAGEMENT SERVICES,https://www.msmemart.com/member/203027/endeava-management-services," EVENT MANAGEMENT, SIGNAGE, FLEX PRINTING, ADVERTISING...","                                   Guwahati, India"," 87XXXX6488,80XXXX8591  "
Sharad Advertising Pvt.Ltd,https://www.msmemart.com/member/156168/sharad-advertising-pvtltd," ADVERTISING , PRINTING ,exhibition , digital ...","                                   Delhi,Delhi, India"," 99XXXX5345,01XXXX872608  "
Zenkar Advertising,https://www.msmemart.com/member/152375/zenkar-advertising," all kinds of advertising, fabrications, goods supply, ...","                                   Bangalore,Karnataka, India"," 99XXXX5499,08XXXX150944  "
MANNA VENTURE CAPITAL PRIVATE LIMITED,https://www.msmemart.com/member/205506/manna-venture-capital-private-limited," Venture Capital Fund, Innovative Media Public Advertisement Campaign Technology, Investments for Wom...","                                   GUNTUR, India"," 96XXXX4373,63XXXX5149  "
SUDHAN DEO PHOTOGRAPHY,https://www.msmemart.com/member/207677/sudhan-deo-photography," Motion picture, video and television programme production, sound recording and music publishing acti...","                                   AMRAVATI, India"," 70XXXX4828,  "
MasterApp Technologies Pvt. Ltd.,https://www.msmemart.com/member/207741/masterapp-technologies-pvt-ltd," Motion picture, video and television programme production, sound recording and music publishing acti...","                                   AMRAVATI, India"," 73XXXX8359,  "
MATRIX OUTDOOR,https://www.msmemart.com/member/210917/matrix-outdoor, 73200-Market research and public opinion polling...,"                                   KAMRUP METROPOLITAN, India"," 98XXXX9787,  "
M\/S AMANG ENTERPRISES,https://www.msmemart.com/member/212741/ms-amang-enterprises, 58131-Publishing of newspapers...,"                                   PAPUM PARE, India"," 94XXXX8062,94XXXX8062  "
TRY NIKOLA,https://www.msmemart.com/member/213289/try-nikola, 73100-Advertising...,"                                   KAMRUP, India"," 91XXXX3158,91XXXX3158  "
DAKSH GRAPHIX,https://www.msmemart.com/member/213609/daksh-graphix, ALL TYPE PRINTING ...,"                                   NORTH WEST, India"," 98XXXX2600,01XXXX73720  "
Landmark Publicity,https://www.msmemart.com/member/215749/landmark-publicity, Hoardings Flex Print News paper Ads...,"                                   Chandigarh, India"," 79XXXX1111,81XXXX4417  "
MYNDROOT,https://www.msmemart.com/member/215855/myndroot," Branding, Advertising, Digital Marketing, Social Media Marketing, Website Designing & Development, L...","                                   Kolkata, India"," 98XXXX9396,98XXXX6263  "
JMD Industries ,https://www.msmemart.com/member/216338/jmd-industries," Digital Printing, UV Printing, Screen Printing, Flex Printing, Glowsign Board, Acrylic Letter with L...","                                   Rudrapur, India"," 93XXXX5084,  "
MCORE BUSINESS RESEARCH PRIVATE LIMITED,https://www.msmemart.com/member/219591/mcore-business-research-private-limited," Market Research, Market field survey, qualitative research, quantitative research, CSR, Mystry Audit...","                                   NAVI MUMBAI, India"," 97XXXX3281,  "
Pulp Strategy Communications Private Limited,https://www.msmemart.com/member/220248/pulp-strategy-communications-private-limited," Marketing, Media, Creative Agency, Technology development, fairs, exhibition, digital marketing, mob...","                                   Delhi, India"," 98XXXX4524,98XXXX4524  "
D3BOX,https://www.msmemart.com/member/220459/d3box," We support companies to do Brand enhancement with our services like digital marketing, logo design, ...","                                   CHENNAI, India"," 98XXXX0235,  "
SB Advertising Media,https://www.msmemart.com/member/233171/sb-advertising-media," Auto Rickshaw Advertising
Tricycle Advertising
look walker Advertising
E Rickshaw Advertising
Mo...","                                   New Delhi, India"," 99XXXX6221,01XXXX023901  "
MR Graphix,https://www.msmemart.com/member/243668/mr-graphix, All types of Screen & Offset Printing and Graphics Designing works. ...,"                                   Ranchi,Jharkhand, India"," 99XXXX7757,79XXXX7266  "
JYOTI ADVERTISING,https://www.msmemart.com/member/247580/jyoti-advertising, 73100-Advertising...,"                                   KAMRUP, India"," 86XXXX0199,86XXXX0199  "
MILLENNIUM BUSINESS ASSOCIATES,https://www.msmemart.com/member/247806/millennium-business-associates, sign board...,"                                   SOUTH, India"," 98XXXX6518,01XXXX940249  "
AADITY STUDIO,https://www.msmemart.com/member/249713/aadity-studio, PHOTO FRAME ...,"                                   THANE, India"," 80XXXX4408,  "
G B ENTERPRISES,https://www.msmemart.com/member/250612/g-b-enterprises, 82990-Other business support service activities n.e.c....,"                                   MYSURU, India"," 88XXXX9965,  "
ADMISNSTAFF BUSINESS SOLUTION LLP,https://www.msmemart.com/member/250765/admisnstaff-business-solution-llp, ADVERTISMENT MATERIALS...,"                                   GAUTAM BUDDHA NAGAR, India"," 95XXXX4485,  "
OCEAN GRAPHICS,https://www.msmemart.com/member/256101/ocean-graphics," A Unit Is Services Like
1) Providing, installation and commissioning of Outdoor \/Indoor advertising...","                                   BELAGAVI, India"," 98XXXX1869,  "
Dilip Enterprises,https://www.msmemart.com/member/257012/dilip-enterprises, 52241-Cargo handling incidental to land transport...,"                                   VAISHALI, India"," 93XXXX9670,  "
SINEX VISION INDIA PRIVATE LIMITED,https://www.msmemart.com/member/257639/sinex-vision-india-private-limited," MANUFACTURER OF NL BOARD, GLOW SIGN BOARD, LED BOARD, ROLLUP STANDY, ACP CLADDING, FLEX PRINTING, BA...","                                   Jaipur, India"," 95XXXX3370,08XXXX22277  "
Quick Webster,https://www.msmemart.com/member/260453/quick-webster," website, web design, seo, smo, ecommerce website, web development, digital marketing, ppc...","                                   EAST, India"," 70XXXX5900,  "
M\/S R S ADVERTISER,https://www.msmemart.com/member/262779/ms-r-s-advertiser," f Digital Media, Advertising Materials, Magazines Adverting...","                                   AZAMGARH, India"," 95XXXX8475,  "
DISHA KREATION,https://www.msmemart.com/member/264768/disha-kreation, HP Latex Printing...,"                                   RATNAGIRI, India"," 94XXXX3252,  "
PRUDENT SOLUTIONS,https://www.msmemart.com/member/215937/prudent-solutions," Branding, CSR, Marketing IDeas, Barter and trade marketing and Events....","                                   NEW DELHI, India"," 98XXXX1711,98XXXX1711  "
KENETHRAJ ENTERPRISES,https://www.msmemart.com/member/249272/kenethraj-enterprises, PRINTINGS is ...,"                                   NAGPUR, India"," 80XXXX3027,  "
The Graphics Signage,https://www.msmemart.com/member/248265/the-graphics-signage," Stainless letter, Brass letters, stainless steel name plate, ACP Sign bard, LED sign board, led lett...","                                   Jodhpur, India"," 94XXXX3749,  "
Crazy MediaWorks Studios,https://www.msmemart.com/member/247102/crazy-mediaworks-studios," Animation, Design, Graphics, Video Editing, 3D animation, Walkthrough, 2D animation, Virtual Exhibit...","                                   Noida, India"," 98XXXX8577,99XXXX8617  "
PRUDENT SOLUTIONS,https://www.msmemart.com/member/215937/prudent-solutions," Branding, CSR, Marketing IDeas, Barter and trade marketing and Events....","                                   NEW DELHI, India"," 98XXXX1711,98XXXX1711  "
Graphisads,https://www.msmemart.com/member/217741/graphisads," Advertising, media, signage, outdoor, hoarding, event, exhibition, digital marketing, waste manageme...","                                   New Delhi, India"," 99XXXX2007,  "
Vijaya Offset Printers,https://www.msmemart.com/member/216826/vijaya-offset-printers," Flyer
Brochure
Folder
Booklets
Marketing Material
Leaflet
Banners
Flex
Standees
Advertising...","                                   Lucknow, India"," 99XXXX8666,  "
AKITO TECHNOLOGIES PRIVATE LIMITED,https://www.msmemart.com/member/214743/akito-technologies-private-limited," Website Development, branding, Packaging Design,Business Card Design, Banner Design, Flyer Design, C...","                                   FARIDABAD, India"," 98XXXX6019,  "
Swayur Media,https://www.msmemart.com/member/207734/swayur-media," Digital Marketing , Website Designing , Advertising , Printing Solution , Branding ...","                                   Pune, India"," 72XXXX1684,  "
Sealine productions,https://www.msmemart.com/member/209263/sealine-productions," Documentaries, Videos, Audio Visual, Interactive, Branding Services, Video Shooting, Animations,vide...","                                   Mumbai, India"," 98XXXX6444,  "
Ants4u International Pvt Ltd,https://www.msmemart.com/member/205173/ants4u-international-pvt-ltd," Visual Aids, Graphics, Website, Mobile Applications, Branding, Advertisement, Corporate video, Event...","                                   NEW DELHI, India"," 09XXXX59965,09XXXX59965  "
Graphisads,https://www.msmemart.com/member/217741/graphisads," Advertising, media, signage, outdoor, hoarding, event, exhibition, digital marketing, waste manageme...","                                   New Delhi, India"," 99XXXX2007,  "
Vijaya Offset Printers,https://www.msmemart.com/member/216826/vijaya-offset-printers," Flyer
Brochure
Folder
Booklets
Marketing Material
Leaflet
Banners
Flex
Standees
Advertising...","                                   Lucknow, India"," 99XXXX8666,  "
AKITO TECHNOLOGIES PRIVATE LIMITED,https://www.msmemart.com/member/214743/akito-technologies-private-limited," Website Development, branding, Packaging Design,Business Card Design, Banner Design, Flyer Design, C...","                                   FARIDABAD, India"," 98XXXX6019,  "
Swayur Media,https://www.msmemart.com/member/207734/swayur-media," Digital Marketing , Website Designing , Advertising , Printing Solution , Branding ...","                                   Pune, India"," 72XXXX1684,  "
Sealine productions,https://www.msmemart.com/member/209263/sealine-productions," Documentaries, Videos, Audio Visual, Interactive, Branding Services, Video Shooting, Animations,vide...","                                   Mumbai, India"," 98XXXX6444,  "
Ants4u International Pvt Ltd,https://www.msmemart.com/member/205173/ants4u-international-pvt-ltd," Visual Aids, Graphics, Website, Mobile Applications, Branding, Advertisement, Corporate video, Event...","                                   NEW DELHI, India"," 09XXXX59965,09XXXX59965  "
Grid Enterprise,https://www.msmemart.com/member/203003/grid-enterprise, Innovative and Super bright frames...,"                                   Mumbai, India"," 09XXXX18101,  "
SPARK LIGHT INFRATECH,https://www.msmemart.com/member/203002/spark-light-infratech, Manufacture of Signages Boards and Road safety...,"                                   JABALPUR, India"," 98XXXX2255,88XXXX1138  "
Brand Masters,https://www.msmemart.com/member/202575/brand-masters," Creative designing, advertising, flex board, POP printing, paper printing, corporate gift, promotion...","                                   INDORE, India"," 97XXXX1900,  "
FINE DIGITAL,https://www.msmemart.com/member/200098/fine-digital," STICKER, LABEL, VINYL BOARD, FOAM BOARD, ECO FRIENDLY PRINTING, FLEX BOARD, FLEX, VINYL, RADIUM, SIG...","                                   Nashik, India"," 94XXXX5915,94XXXX5915  "
AKITO TECHNOLOGIES PRIVATE LIMITED,https://www.msmemart.com/member/214743/akito-technologies-private-limited," Website Development, branding, Packaging Design,Business Card Design, Banner Design, Flyer Design, C...","                                   FARIDABAD, India"," 98XXXX6019,  "
Swayur Media,https://www.msmemart.com/member/207734/swayur-media," Digital Marketing , Website Designing , Advertising , Printing Solution , Branding ...","                                   Pune, India"," 72XXXX1684,  "
Sealine productions,https://www.msmemart.com/member/209263/sealine-productions," Documentaries, Videos, Audio Visual, Interactive, Branding Services, Video Shooting, Animations,vide...","                                   Mumbai, India"," 98XXXX6444,  "
Ants4u International Pvt Ltd,https://www.msmemart.com/member/205173/ants4u-international-pvt-ltd," Visual Aids, Graphics, Website, Mobile Applications, Branding, Advertisement, Corporate video, Event...","                                   NEW DELHI, India"," 09XXXX59965,09XXXX59965  "
Grid Enterprise,https://www.msmemart.com/member/203003/grid-enterprise, Innovative and Super bright frames...,"                                   Mumbai, India"," 09XXXX18101,  "
SPARK LIGHT INFRATECH,https://www.msmemart.com/member/203002/spark-light-infratech, Manufacture of Signages Boards and Road safety...,"                                   JABALPUR, India"," 98XXXX2255,88XXXX1138  "
Brand Masters,https://www.msmemart.com/member/202575/brand-masters," Creative designing, advertising, flex board, POP printing, paper printing, corporate gift, promotion...","                                   INDORE, India"," 97XXXX1900,  "
FINE DIGITAL,https://www.msmemart.com/member/200098/fine-digital," STICKER, LABEL, VINYL BOARD, FOAM BOARD, ECO FRIENDLY PRINTING, FLEX BOARD, FLEX, VINYL, RADIUM, SIG...","                                   Nashik, India"," 94XXXX5915,94XXXX5915  "
MINDSCAPES ENHANCE COMMUNICATIONS PVT LTD,https://www.msmemart.com/member/199423/mindscapes-enhance-communications-pvt-ltd," advertisement, promotion, event management, media, outdoor media, signage , brand marketing, marketi...","                                   Bangalore, India"," 99XXXX6499,  "
Gagan design and print inc,https://www.msmemart.com/member/198911/gagan-design-and-print-inc," Manufacturing of LED sign boards ,Dealers in  Eco Solvent Machines, Lamination Machines, Laser Machi...","                                   Bangalore, India"," 97XXXX1122,  "
